candidate_id,gravy,cleavage_sites,immunogenicity,iptm,plddt,score_gravy,score_cleavage,score_immuno,norm_iptm,norm_plddt,score_cf,Composite_Score
13_SIAAHSHHFSSQARSLP,-0.394,3.0,1.0,0.6597289798392595,70.49872140001392,0.5064935064935066,1.0,0.0,0.20019478784473266,0.1866810640798947,0.19681635690352317,57.16
39_SIASHHAHFSIQSKSLP,-0.2,3.0,0.0,0.6133727236626699,71.66127658266888,0.27744982290436837,1.0,0.0,0.04307157359980916,0.8192686344996819,0.23712083882477736,50.69
21_AIAAHHAHFSSQSKSLN,-0.318,4.0,1.0,0.8560601139939474,71.3827871808659,0.41676505312868944,0.75,0.0,0.865653593172384,0.6677326586573304,0.8161733595436206,50.66
24_AIAAHHAHFKSQARSLP,-0.271,4.0,1.0,0.8956965005154032,70.15564314698153,0.36127508854781587,0.75,0.0,1.0,0.0,0.75,48.34
01_SISSHSSHFSSQSKSLK,-0.812,6.0,0.0,0.8694309455200914,70.43415161255763,1.0,0.25,0.0,0.9109736470290208,0.15154634911847914,0.7211168225513854,47.21
09_IIGIHSHHFSKQSRSLE,-0.5,5.0,0.0,0.7938612585377063,71.39530704470855,0.6316410861865407,0.5,0.0,0.65483233844441,0.6745451612966598,0.6597605441574724,45.55
16_AISAHSSHFSSQSKSLP,-0.371,4.0,1.0,0.6357922653152173,70.29677161003941,0.47933884297520657,0.75,0.0,0.11906197353476228,0.07679300982425817,0.10849473260713625,45.47
04_SISAHSAHFSKQSRSLP,-0.588,5.0,1.0,0.6664179251214077,71.3643595215636,0.7355371900826445,0.5,0.0,0.22286677797775617,0.6577055146554891,0.3315764621471894,45.38
26_AIASHHAHFSKQIRSLP,-0.265,4.0,1.0,0.6006652640468729,71.50251530465778,0.3541912632821724,0.75,0.0,0.0,0.7328809837178705,0.18322024592946762,42.46
02_SISAHSAHFKSQSRSLD,-0.7,6.0,1.0,0.7394830968433818,71.30907718522708,0.8677685950413222,0.25,0.0,0.470519103191014,0.6276244317512063,0.5097954353310621,41.13
05_AISVHSSHFKSQSRSLE,-0.559,6.0,0.0,0.893858022702035,71.7776856958289,0.7012987012987013,0.25,0.0,0.9937685316464302,0.882610967979669,0.9659791407297399,40.7
11_LIAAHHAHFHKQSKSLP,-0.412,5.0,1.0,0.7399666883573585,70.84949517255356,0.5277449822904368,0.5,0.0,0.4721582228983548,0.37754953367897764,0.4485060505935105,40.32
03_AISAHSSHFKHQAKSLE,-0.653,6.0,1.0,0.655906630864161,71.94187883482326,0.8122786304604487,0.25,0.0,0.18723904451107315,0.9719542872695459,0.3834178552006913,38.2
22_AIASHSAHFSKQARSLP,-0.282,5.0,1.0,0.776470843025598,71.545271192678,0.3742621015348287,0.5,0.0,0.5958880187843347,0.7561459811368201,0.6359525093724561,37.59
08_SISAHSSHFSSQAKSLK,-0.506,6.0,0.0,0.8313761286170287,71.78502076288855,0.6387249114521841,0.25,0.0,0.7819879255217939,0.8866022385183611,0.8081415037709356,37.24
27_LIAAHHAHFKHQAKSLP,-0.259,5.0,1.0,0.8362883510433203,70.4998598792339,0.34710743801652894,0.5,0.0,0.7986377639764946,0.1873005510638094,0.6458034607483232,36.87
46_SIAAHSSHFHSQAKSLA,-0.159,5.0,1.0,0.8752893346549435,71.32223549017553,0.22904368358913813,0.5,0.0,0.9308304906804795,0.6347843328744991,0.8568189512289843,35.44
07_IIASHHAHFKKQAKSLD,-0.524,6.0,1.0,0.7649773757201748,71.00913801151431,0.6599763872491146,0.25,0.0,0.5569312376549943,0.46441687308773505,0.5338026465131794,35.14
31_AIAVHHSHFIKQSRSLE,-0.235,5.0,0.0,0.770741204630259,70.7107953851276,0.3187721369539551,0.5,0.0,0.5764675721091903,0.3020780525358996,0.5078701922158676,34.64
30_LIAAHSSHFHSQSKSLP,-0.241,5.0,1.0,0.7181226729285136,70.32514221323939,0.32585596221959856,0.5,0.0,0.39811855275930885,0.09223046278767774,0.3216465302664011,32.99
10_LISAHSSHFKSQSRSLP,-0.471,6.0,1.0,0.7339943998862676,71.18765175236341,0.5974025974025974,0.25,0.0,0.4519153206803454,0.5615525405339785,0.47932462564375367,32.72
29_AIIAHSSHFSKQSKSLP,-0.241,5.0,1.0,0.6688292513521746,70.61751298137087,0.32585596221959856,0.5,0.0,0.23103989977878997,0.25131978313433234,0.23610987061767558,32.14
17_IIASHSAHFKSQSKSLE,-0.353,6.0,0.0,0.8716197258908679,71.12089440834903,0.45808736717827625,0.25,0.0,0.9183924559557495,0.5252274983443327,0.8201012165528953,31.94
06_SIAAHHSHFSKQAKSLY,-0.524,6.0,1.0,0.6047593905269623,71.26645534629232,0.6599763872491146,0.25,0.0,0.013876925470995125,0.6044323752012609,0.16151578790356158,31.41
35_LISAHHAHFSSQSRSLS,-0.229,5.0,0.0,0.6079693218964828,71.4682361663416,0.3116883116883117,0.5,0.0,0.024756896717236077,0.7142284869185406,0.1971247942675622,31.32
18_IIASHSSHFKSQAKSLN,-0.353,6.0,1.0,0.8096395068009559,71.32549893650597,0.45808736717827625,0.25,0.0,0.7083122629843073,0.6365600899449304,0.690374219724463,30.65
20_SISSHIHHFKKQAFSLP,-0.324,6.0,1.0,0.82706179816427,71.61834591585674,0.4238488783943329,0.25,0.0,0.7673646249370811,0.7959085337316711,0.7745006021357286,30.46
41_SIAVHHAHFKIQSKSLD,-0.2,5.0,0.0,0.6266875876178241,70.4275150514253,0.27744982290436837,0.5,0.0,0.08820192696350926,0.14793516046672647,0.10313523533931357,29.35
12_LISAHHAHFKSQSKSLY,-0.406,6.0,0.0,0.7010739447823853,71.00786071355616,0.5206611570247934,0.25,0.0,0.3403323727256335,0.4637218498973471,0.37117974201856185,29.33
19_SIASHSAHFKHQAKSLM,-0.335,6.0,0.0,0.7653316474406302,71.35523402147537,0.4368358913813459,0.25,0.0,0.5581320315936159,0.6527400059073395,0.5817840251720469,28.92
25_IISSHHSHFKKQALSLP,-0.265,6.0,1.0,0.8443444089283114,71.49645198528086,0.3541912632821724,0.25,0.0,0.8259435434641875,0.7295817162675581,0.8018530866650302,28.64
45_IIIAHHSHFHKQAKSLS,-0.165,5.0,1.0,0.6418977939599303,70.44003864669851,0.23612750885478156,0.5,0.0,0.1397564895385424,0.15474969350997292,0.14350479053140003,28.52
32_SIAAHSSHFKIQARSLD,-0.235,6.0,1.0,0.8758721367636124,71.24382673816557,0.3187721369539551,0.25,0.0,0.9328058818819162,0.5921193457206364,0.8476342478415962,28.04
43_AIISHIAHFHKQSKSLE,-0.182,6.0,1.0,0.8601576956431709,71.91691279522293,0.256198347107438,0.25,0.0,0.8795422298410662,0.9583693782954109,0.8992490169546524,26.68
15_LIASHHSHFSKQAKSLS,-0.376,6.0,1.0,0.6317621578998356,71.04729207876264,0.4852420306965761,0.25,0.0,0.10540203886607659,0.48517785636177946,0.2003459932400023,26.56
14_LIGSHSHHFHSQSRSLL,-0.382,6.0,0.0,0.6126707629841688,71.18308658124397,0.4923258559622196,0.25,0.0,0.040692297808867545,0.5590684687668209,0.1702863405483559,26.47
42_SIAAHISHFKSQSKSLT,-0.188,6.0,0.0,0.8749338305549652,71.24673328456176,0.26328217237308144,0.25,0.0,0.9296255196264528,0.5937009008592744,0.8456443649346582,26.35
33_AIASHSIHFSKQARSLD,-0.235,6.0,1.0,0.7924395794739211,71.42401241419533,0.3187721369539551,0.25,0.0,0.6500135976195318,0.6901647724880866,0.6600513913366706,26.16
28_SISSHSSHFSKQALSLP,-0.253,6.0,0.0,0.732965493794862,71.58830240214728,0.3400236127508855,0.25,0.0,0.4484278726944256,0.7795607907359906,0.5312111022048168,25.51
38_SISAHSAHFKIQAKSLD,-0.2,6.0,0.0,0.8522338171728805,70.35003789522467,0.27744982290436837,0.25,0.0,0.8526844687268947,0.10577708768426926,0.6659576234662384,24.98
23_LISSHSAHFSKQAKSLP,-0.282,6.0,1.0,0.7296242550048275,70.25048276742902,0.3742621015348287,0.25,0.0,0.43710283867420296,0.05160560631745696,0.3407285305850165,24.64
48_SIAIHHSHFKKQALSLP,-0.112,6.0,1.0,0.7994674540333163,71.77742845418209,0.17355371900826447,0.25,0.0,0.6738343789154976,0.882470993662069,0.7259935326021405,22.47
40_AIAAHSSHFKSQSKSLA,-0.2,6.0,0.0,0.704056994167548,71.26834914772593,0.27744982290436837,0.25,0.0,0.35044333392712945,0.6054628598316842,0.4141982154032682,22.47
34_SIISHSSHFKHQSLSLP,-0.235,6.0,0.0,0.6148566505215012,71.99342061371784,0.3187721369539551,0.25,0.0,0.04810130155876559,1.0,0.2860759761690742,22.42
36_LISIHHAHFSKQAKSLE,-0.224,6.0,0.0,0.6275640417485118,70.95353850001074,0.30578512396694213,0.25,0.0,0.09117264335672479,0.43416320390856544,0.17692028349468494,20.94
37_LISAHHSHFIKQAKSLD,-0.224,6.0,0.0,0.6041317423685462,70.3976728171984,0.30578512396694213,0.25,0.0,0.011749529857130885,0.1316969407872234,0.041736382589654016,19.59
44_SIGSHSAHFIKQAKSLS,-0.171,6.0,0.0,0.6644099630102986,70.21207547800562,0.24321133412042503,0.25,0.0,0.21606084740869497,0.0307068358631588,0.16972234452231094,18.99
47_AISAHHAHFKKQALSLP,-0.118,6.0,1.0,0.6170327235585987,70.6228895390734,0.18063754427390788,0.25,0.0,0.05547703933875371,0.25424535916290414,0.10516911929479132,16.47
00_HIYTHMSHFIKQCFSLP,0.035,,,0.7671723792926507,70.55070810424377,0.0,,0.0,0.5643711399472049,0.21496887648961466,0.47702057408280735,
