candidate_id,gravy,cleavage_sites,immunogenicity
00_cd109_HIYTHMSHFIKQCFSLP,0.035,9,0.0
01_cd109_SISSHSSHFSSQSKSLK,-0.812,6.0,0.0
02_cd109_SISAHSAHFKSQSRSLD,-0.7,6.0,1.0
03_cd109_AISAHSSHFKHQAKSLE,-0.653,6.0,1.0
04_cd109_SISAHSAHFSKQSRSLP,-0.588,5.0,1.0
05_cd109_AISVHSSHFKSQSRSLE,-0.559,6.0,0.0
06_cd109_SIAAHHSHFSKQAKSLY,-0.524,6.0,1.0
07_cd109_IIASHHAHFKKQAKSLD,-0.524,6.0,1.0
08_cd109_SISAHSSHFSSQAKSLK,-0.506,6.0,0.0
09_cd109_IIGIHSHHFSKQSRSLE,-0.5,5.0,0.0
10_cd109_LISAHSSHFKSQSRSLP,-0.471,6.0,1.0
11_cd109_LIAAHHAHFHKQSKSLP,-0.412,5.0,1.0
12_cd109_LISAHHAHFKSQSKSLY,-0.406,6.0,0.0
13_cd109_SIAAHSHHFSSQARSLP,-0.394,3.0,1.0
14_cd109_LIGSHSHHFHSQSRSLL,-0.382,6.0,0.0
15_cd109_LIASHHSHFSKQAKSLS,-0.376,6.0,1.0
16_cd109_AISAHSSHFSSQSKSLP,-0.371,4.0,1.0
17_cd109_IIASHSAHFKSQSKSLE,-0.353,6.0,0.0
18_cd109_IIASHSSHFKSQAKSLN,-0.353,6.0,1.0
19_cd109_SIASHSAHFKHQAKSLM,-0.335,6.0,0.0
20_cd109_SISSHIHHFKKQAFSLP,-0.324,6.0,1.0
21_cd109_AIAAHHAHFSSQSKSLN,-0.318,4.0,1.0
22_cd109_AIASHSAHFSKQARSLP,-0.282,5.0,1.0
23_cd109_LISSHSAHFSKQAKSLP,-0.282,6.0,1.0
24_cd109_AIAAHHAHFKSQARSLP,-0.271,4.0,1.0
25_cd109_IISSHHSHFKKQALSLP,-0.265,6.0,1.0
26_cd109_AIASHHAHFSKQIRSLP,-0.265,4.0,1.0
27_cd109_LIAAHHAHFKHQAKSLP,-0.259,5.0,1.0
28_cd109_SISSHSSHFSKQALSLP,-0.253,6.0,0.0
29_cd109_AIIAHSSHFSKQSKSLP,-0.241,5.0,1.0
30_cd109_LIAAHSSHFHSQSKSLP,-0.241,5.0,1.0
31_cd109_AIAVHHSHFIKQSRSLE,-0.235,5.0,0.0
32_cd109_SIAAHSSHFKIQARSLD,-0.235,6.0,1.0
33_cd109_AIASHSIHFSKQARSLD,-0.235,6.0,1.0
34_cd109_SIISHSSHFKHQSLSLP,-0.235,6.0,0.0
35_cd109_LISAHHAHFSSQSRSLS,-0.229,5.0,0.0
36_cd109_LISIHHAHFSKQAKSLE,-0.224,6.0,0.0
37_cd109_LISAHHSHFIKQAKSLD,-0.224,6.0,0.0
38_cd109_SISAHSAHFKIQAKSLD,-0.2,6.0,0.0
39_cd109_SIASHHAHFSIQSKSLP,-0.2,3.0,0.0
40_cd109_AIAAHSSHFKSQSKSLA,-0.2,6.0,0.0
41_cd109_SIAVHHAHFKIQSKSLD,-0.2,5.0,0.0
42_cd109_SIAAHISHFKSQSKSLT,-0.188,6.0,0.0
43_cd109_AIISHIAHFHKQSKSLE,-0.182,6.0,1.0
44_cd109_SIGSHSAHFIKQAKSLS,-0.171,6.0,0.0
45_cd109_IIIAHHSHFHKQAKSLS,-0.165,5.0,1.0
46_cd109_SIAAHSSHFHSQAKSLA,-0.159,5.0,1.0
47_cd109_AISAHHAHFKKQALSLP,-0.118,6.0,1.0
48_cd109_SIAIHHSHFKKQALSLP,-0.112,6.0,1.0
